Customer,Dashboard,Standard
Adeney,None Yet,TBA
Avive Health,None Yet,TBA
BJC,None Yet,TBA
BumrunGrad,Yes,Yes
CNE,NA,N/A
Catholic Health,Yes,Yes
Children's Health Ireland,NA,N/A
Citizens,None Yet,TBA
Epworth,Yes,Yes
Inova Health,Yes,Yes
Kennedy Krieger,Yes,Yes
Kingman,Yes,Yes
Mercy Hospital,None Yet,TBA
Miami,None Yet,TBA
NYU,Yes,Yes
Nicklaus,Yes,Yes
Northern Health,NA,N/A
Oklahoma (OUH),Yes,Yes
Omaha Children Nebraska Hospital,Yes,Yes
Peterson,NA,N/A
RADY(CHOC),Yes,Yes
Sharp,Yes,Yes
Summit Pacific,Yes,Yes
UCSF,Yes,Yes
UIOWA,Yes,Yes
